Source,Target
0,1043
3,1026
3,343
3,344
3,4
4,3
4,344
5,43
5,24
5,48
5,68
5,64
5,6
6,66
6,5
6,30
6,64
6,101
6,91
6,8
6,446
6,90
6,56
6,26
6,16
6,103
6,42
6,68
6,87
6,571
6,82
6,20
6,38
6,9
6,34
6,24
6,108
6,32
6,74
6,12
6,35
6,83
6,71
6,88
6,37
6,160
7,8
7,62
7,24
7,9
7,82
7,867
7,81
7,37
7,30
7,32
8,7
8,34
8,31
8,6
8,91
8,24
8,30
9,27
9,71
9,73
9,163
9,56
9,25
9,88
9,549
9,49
9,829
9,20
9,888
9,81
9,51
9,103
9,83
9,121
9,10
9,42
9,68
9,101
9,868
9,76
9,32
9,82
9,6
9,37
9,74
9,91
9,571
9,89
9,78
9,69
9,86
9,57
9,7
9,34
9,26
9,24
9,108
10,38
10,91
10,24
10,25
10,37
10,9
10,69
11,99
11,27
11,327
11,331
12,37
12,6
13,37
13,6
13,34
13,9
13,101
13,16
13,43
13,71
15,111
15,49
16,20
16,6
17,20
17,307
17,86
17,75
18,22
18,65
18,20
18,21
18,49
18,7
18,71
18,44
18,43
19,7
19,21
19,9
19,32
19,20
19,43
19,81
19,164
19,49
19,30
19,45
19,44
19,62
19,47
20,37
20,34
20,26
20,68
20,16
20,160
20,18
20,21
20,108
20,24
20,9
20,17
20,74
20,19
20,6
20,43
20,946
21,9
21,20
21,77
21,109
21,81
21,58
21,6
21,51
21,18
21,78
21,16
21,48
21,91
21,56
21,64
21,82
21,86
21,62
21,103
21,43
21,65
21,71
22,18
23,24
23,65
24,834
24,27
24,73
24,30
24,62
24,174
24,160
24,161
24,102
24,105
24,5
24,809
24,12
24,997
24,841
24,228
24,65
24,7
24,80
24,66
24,16
24,23
24,110
24,8
24,87
24,164
24,47
24,90
24,55
24,35
24,10
24,91
24,57
24,25
24,69
24,56
24,103
24,71
24,101
24,20
24,51
24,64
24,507
24,63
24,86
24,68
24,81
24,82
24,108
24,813
24,120
24,37
24,78
24,83
24,88
24,74
24,6
24,121
24,89
24,34
24,49
24,26
24,9
25,26
25,51
25,9
25,24
26,108
26,35
26,20
26,25
26,30
26,101
26,6
26,74
26,91
26,121
26,89
26,68
26,37
26,88
26,9
26,34
26,24
27,9
27,930
27,37
27,69
27,38
27,788
27,836
27,462
27,11
27,34
27,78
27,71
29,48
30,6
30,88
30,34
30,26
30,8
30,86
30,83
30,31
30,108
30,37
30,47
30,91
30,62
30,7
30,32
30,340
30,84
31,68
31,12
31,319
31,110
31,515
31,91
31,37
31,8
31,47
31,62
31,7
31,30
31,32
32,93
32,19
32,9
32,74
32,6
32,37
32,31
32,62
32,88
32,47
32,84
32,7
32,30
34,8
34,35
34,91
34,108
34,82
34,121
34,6
34,88
34,89
34,24
34,806
34,37
34,9
34,26
35,91
35,108
35,26
35,88
35,34
35,74
35,37
35,24
35,121
35,6
36,24
36,12
36,121
36,35
36,6
37,27
37,117
37,94
37,108
37,20
37,89
37,35
37,121
37,31
37,68
37,90
37,12
37,88
37,103
37,26
37,10
37,24
37,30
37,42
37,38
37,74
37,9
37,93
37,119
37,32
37,91
37,86
37,81
37,34
37,51
37,7
37,6
37,83
37,82
37,69
38,27
38,10
38,105
38,55
38,25
38,41
38,26
38,9
38,71
38,37
38,6
38,44
38,48
38,12
38,40
38,39
38,119
39,119
39,40
39,38
40,25
40,41
40,39
40,76
40,38
40,115
41,6
41,65
41,37
41,12
41,51
41,25
41,76
41,86
41,34
41,301
41,762
41,40
41,39
41,116
41,38
42,9
42,37
42,71
43,20
43,19
43,48
43,57
43,44
43,18
43,49
43,65
43,831
43,84
43,160
43,86
43,335
43,102
43,71
44,43
44,38
44,45
44,19
45,273
45,43
45,76
45,75
45,115
45,44
45,19
46,98
46,71
46,47
46,48
47,269
47,718
47,503
47,24
47,31
47,43
47,101
47,51
47,86
47,826
47,58
47,871
47,816
47,30
47,867
47,75
47,48
47,32
47,62
47,19
48,377
48,842
49,71
49,84
49,109
49,102
51,9
51,24
51,63
51,25
51,37
52,549
52,62
52,101
52,51
53,788
55,43
55,6
55,68
55,9
55,571
55,174
55,651
55,105
55,38
55,656
55,115
55,24
55,63
55,107
56,57
57,108
57,24
57,56
57,115
57,68
57,7
57,81
57,71
57,82
57,58
57,109
57,103
58,109
58,57
61,245
61,1028
61,1020
61,1031
61,125
62,103
62,25
62,164
62,43
62,717
62,867
62,510
62,506
62,512
62,340
62,32
62,30
62,7
62,47
62,19
63,173
63,667
63,86
63,51
63,115
63,169
63,643
65,66
66,65
67,5
67,6
67,66
67,65
68,65
68,5
68,121
68,91
68,20
68,37
68,90
68,108
68,88
68,69
68,6
68,81
68,26
68,74
68,24
68,9
68,83
68,89
68,57
68,71
69,10
69,9
69,37
69,83
69,74
70,153
70,118
70,65
70,105
70,64
70,571
71,868
71,88
71,43
71,57
71,78
71,987
71,888
71,91
71,49
71,545
71,80
71,82
71,213
71,547
71,160
71,103
73,84
73,102
73,9
73,85
73,25
73,78
73,86
73,75
74,174
74,811
74,121
74,103
74,86
74,20
74,101
74,26
74,68
74,89
74,32
74,24
74,9
74,82
74,6
74,83
74,81
74,108
74,164
74,37
74,91
74,88
74,69
74,71
75,73
75,839
75,87
75,917
75,102
75,71
75,84
75,86
76,44
76,43
77,102
77,335
77,943
78,24
78,88
78,83
78,888
78,103
78,82
78,86
78,91
78,71
80,71
81,88
81,571
81,9
81,69
81,101
81,24
81,78
81,555
81,108
81,57
81,7
81,193
81,91
81,37
81,74
81,71
82,26
82,65
82,86
82,24
82,83
82,57
82,34
82,6
82,43
82,9
82,78
82,108
82,7
82,69
82,91
82,81
82,37
82,71
83,81
83,51
83,88
83,185
83,68
83,9
83,78
83,24
83,6
83,74
83,108
83,37
83,82
83,71
84,73
84,445
84,917
84,682
84,451
84,446
84,867
84,845
84,588
84,85
84,32
84,7
84,75
84,87
84,49
84,86
84,102
84,30
85,845
85,73
85,64
85,84
85,71
85,65
85,87
85,86
85,335
86,73
86,74
86,30
86,1027
86,115
86,9
86,116
86,78
86,938
86,917
86,446
86,845
86,856
86,37
86,75
86,109
86,84
86,102
86,91
86,85
86,87
87,6
87,75
87,7
87,938
87,845
87,85
87,84
87,86
88,7
88,90
88,35
88,89
88,81
88,9
88,30
88,78
88,37
88,68
88,69
88,83
88,121
88,24
88,108
88,26
88,34
88,71
88,6
88,32
88,91
88,74
89,37
89,26
89,74
89,68
89,88
89,24
89,69
89,875
89,9
89,34
89,121
89,71
90,83
90,88
90,9
90,108
90,103
90,37
90,6
90,68
90,89
90,24
91,35
91,121
91,10
91,57
91,56
91,34
91,89
91,31
91,6
91,8
91,68
91,90
91,24
91,26
91,9
91,78
91,571
91,30
91,83
91,7
91,37
91,81
91,82
91,103
91,86
91,74
91,108
91,88
91,71
93,94
93,32
93,37
93,65
94,93
95,96
95,16
95,18
95,43
96,43
96,95
97,19
98,48
98,584
98,585
98,46
99,1015
99,331
100,254
101,68
101,25
101,56
101,6
101,108
101,24
101,47
101,26
101,34
101,74
101,81
101,9
101,51
101,52
101,102
101,57
102,65
102,73
102,845
102,75
102,51
102,101
102,86
102,71
102,49
102,335
102,917
102,84
103,90
103,108
103,62
103,24
103,74
103,549
103,37
103,9
103,6
103,78
103,91
103,57
103,198
103,71
105,5
107,565
107,756
107,270
107,665
107,264
107,609
107,266
107,71
108,192
108,26
108,37
108,57
108,121
108,166
108,103
108,101
108,20
108,68
108,30
108,34
108,24
108,6
108,88
108,81
108,82
108,74
108,83
108,9
108,91
109,48
109,58
109,706
109,57
109,49
109,738
109,739
109,71
111,71
111,49
111,57
111,109
114,51
115,86
115,393
115,401
115,395
115,400
115,45
115,116
116,109
116,84
116,86
116,115
117,328
117,70
117,10
117,5
117,34
117,68
117,26
117,78
117,24
117,1017
117,6
117,11
117,9
117,65
117,103
117,12
117,39
117,37
117,119
117,38
118,12
118,119
118,1017
118,70
118,105
119,70
119,118
119,117
119,12
119,38
119,103
119,37
119,39
119,65
119,71
120,71
121,65
121,6
121,101
121,74
121,108
121,91
121,37
121,68
121,35
121,9
121,26
121,34
121,88
121,24
121,78
121,89
121,71
122,285
122,125
122,126
122,600
123,126
124,127
124,126
124,676
124,128
124,123
124,282
124,122
125,122
125,126
126,127
126,123
126,125
126,122
127,126
127,202
127,785
127,200
127,905
127,128
128,124
128,202
128,204
128,800
128,364
128,905
128,127
129,135
129,132
130,142
130,133
130,141
130,132
130,131
131,134
131,205
131,138
131,132
132,133
132,200
132,131
132,140
132,135
132,129
132,130
132,800
133,134
133,138
133,142
133,130
133,141
133,131
133,132
134,130
134,141
134,132
134,131
134,138
134,133
135,129
135,132
137,134
138,131
138,133
138,142
138,144
138,132
139,140
142,144
142,138
142,133
143,811
144,142
144,150
144,138
145,131
147,6
147,150
148,537
148,542
148,150
150,149
150,148
150,131
150,152
150,545
152,150
153,70
153,160
153,119
159,161
159,196
159,188
159,164
159,192
159,167
160,193
160,161
160,811
160,71
160,165
161,164
161,160
162,192
162,161
162,166
162,536
162,164
162,549
162,160
164,183
164,197
164,219
164,159
164,545
164,174
164,192
164,221
164,220
164,191
164,193
164,189
164,162
164,161
164,169
164,166
165,161
165,173
165,160
166,162
166,179
166,160
166,164
167,161
167,177
167,193
167,159
167,194
167,192
167,160
168,176
168,172
168,177
168,595
168,174
168,215
168,213
168,173
168,171
168,169
169,216
169,63
169,176
169,955
169,214
169,643
169,589
169,215
169,164
169,594
169,213
169,174
169,173
169,168
169,171
169,160
169,184
170,174
171,212
171,210
171,221
171,591
171,651
171,217
171,170
171,216
171,390
171,211
171,209
171,175
171,177
171,172
171,176
171,659
171,626
171,955
171,214
171,623
171,195
171,593
171,643
171,178
171,174
171,173
171,589
171,594
171,184
171,215
171,213
171,168
171,169
172,177
172,168
172,171
173,176
173,175
173,643
173,174
173,171
174,177
174,164
174,168
174,176
174,643
174,183
174,180
174,213
174,170
174,160
174,171
174,173
174,169
175,173
175,171
175,169
175,170
176,182
176,213
176,170
176,168
176,177
176,169
176,174
176,175
176,167
176,171
176,163
176,173
176,160
176,643
177,643
177,174
177,167
177,176
177,171
177,168
177,173
178,186
178,180
178,179
178,184
178,183
179,187
179,935
179,186
179,182
179,166
179,164
179,180
179,181
179,160
179,547
179,600
179,178
179,183
179,184
180,174
180,181
180,184
180,178
180,179
180,183
180,160
180,162
181,180
181,178
181,179
181,184
181,183
182,176
182,184
182,185
182,186
182,183
182,179
183,186
183,164
183,160
183,185
183,182
183,187
183,174
183,180
183,178
183,463
183,179
183,409
183,181
183,184
184,171
184,409
184,549
184,169
184,179
184,178
184,183
184,181
184,160
185,182
185,183
185,186
185,83
186,166
186,185
186,182
186,187
186,184
186,181
186,164
186,179
186,160
186,183
186,161
187,183
187,179
187,163
188,191
188,160
188,222
188,217
188,169
188,549
188,192
188,219
188,198
188,189
188,195
188,193
188,218
188,196
189,160
189,194
189,192
189,195
189,219
189,188
189,164
189,549
189,193
189,196
189,213
189,197
190,192
191,188
191,216
191,222
191,221
191,549
191,545
191,167
191,192
191,164
191,219
191,189
191,198
191,197
191,547
191,195
191,160
192,216
192,221
192,159
192,194
192,160
192,191
192,222
192,888
192,164
192,189
192,197
192,188
192,217
192,167
192,193
192,220
193,888
193,537
193,549
193,191
193,152
193,196
193,221
193,167
193,81
193,188
193,189
193,164
193,194
193,547
193,217
193,192
193,220
193,219
193,160
193,197
194,221
194,189
194,192
194,196
194,217
194,160
194,167
194,219
194,193
195,196
195,219
195,197
195,198
195,189
196,194
196,193
196,197
196,160
196,188
196,198
196,189
197,164
197,198
197,196
197,189
197,219
197,195
197,160
198,547
198,160
198,197
199,208
199,206
199,204
199,203
199,207
199,195
199,202
199,205
199,201
199,200
200,127
200,225
200,132
200,206
200,1044
200,204
200,207
200,203
200,208
200,201
200,205
200,202
200,131
200,199
201,208
201,203
201,204
201,207
201,206
201,200
201,202
201,205
201,199
202,189
202,208
202,204
202,203
202,207
202,200
202,206
202,800
202,205
202,201
202,199
203,195
203,193
203,189
203,208
203,205
203,200
203,201
203,199
203,202
203,207
203,204
204,128
204,208
204,127
204,199
204,195
204,189
204,200
204,214
204,202
204,205
204,203
204,201
204,206
204,207
205,204
205,161
205,200
205,206
205,131
205,202
205,201
205,199
206,199
206,128
206,127
206,200
206,204
206,207
206,201
206,205
206,202
207,203
207,204
207,205
207,201
207,199
207,200
207,206
207,202
208,199
208,201
208,202
208,203
208,200
209,210
209,217
209,171
209,212
209,215
209,211
209,213
209,955
209,214
209,169
209,216
210,209
210,214
210,211
210,171
210,174
210,215
210,213
211,210
211,171
211,209
212,209
212,216
213,173
213,667
213,651
213,217
213,216
213,176
213,209
213,382
213,366
213,171
213,214
213,189
213,215
213,168
213,174
213,643
213,623
213,71
213,169
214,953
214,209
214,171
214,174
214,215
214,213
214,169
214,173
214,164
215,217
215,210
215,598
215,211
215,209
215,651
215,214
215,174
215,173
215,168
215,643
215,835
215,366
215,589
215,594
215,623
215,171
215,213
215,160
215,169
216,192
216,217
216,191
216,171
216,193
216,212
216,169
216,213
216,209
217,215
217,171
217,209
217,210
217,213
217,216
217,189
217,549
217,188
217,219
217,194
217,192
217,193
218,161
218,220
218,221
218,219
218,192
218,189
218,168
218,188
219,217
219,188
219,537
219,189
219,191
219,160
219,193
219,197
220,221
220,164
220,71
220,537
220,160
220,192
220,193
221,547
221,549
221,191
221,192
221,220
221,222
221,194
221,164
221,219
221,187
221,160
221,195
221,189
221,193
222,191
222,221
222,163
222,78
222,888
222,571
222,875
222,167
222,188
222,192
222,193
222,160
223,247
223,241
223,566
223,845
223,233
223,231
223,237
224,238
224,240
225,364
225,200
225,800
226,68
227,232
229,237
231,223
231,237
232,242
232,227
232,1037
233,247
233,223
233,237
237,229
237,914
237,917
237,241
237,845
237,223
237,233
237,231
238,0
238,569
238,244
239,905
239,363
240,224
241,223
241,233
241,244
241,242
241,237
241,247
242,232
242,246
242,247
242,241
242,571
244,569
244,1051
244,241
244,913
244,247
244,238
245,413
245,61
245,1031
245,1020
246,242
246,71
246,571
247,845
247,223
247,1027
247,242
247,244
247,237
247,241
247,233
247,231
247,917
249,256
250,252
250,254
251,253
252,250
252,254
253,251
254,252
254,255
254,335
254,71
254,835
254,754
254,872
254,256
254,339
255,588
255,252
255,256
255,943
255,254
256,252
256,255
256,265
256,249
256,107
256,1006
256,270
256,264
256,254
259,914
259,566
259,335
259,237
261,270
261,267
261,265
261,264
263,267
263,265
263,264
263,253
263,251
264,665
264,265
264,610
264,266
264,270
264,256
264,267
265,270
265,264
265,267
265,266
266,614
266,612
266,608
266,270
266,756
266,107
266,267
266,265
266,264
267,261
267,265
267,270
267,266
267,264
269,319
269,47
269,549
269,512
269,7
269,867
270,665
270,756
270,266
270,789
270,107
270,265
270,264
270,256
271,112
271,60
271,15
271,111
271,113
271,709
271,708
272,292
273,320
273,276
274,320
274,275
276,275
276,43
276,280
276,312
276,278
277,937
278,277
278,276
279,316
279,308
279,322
279,306
279,284
279,48
279,842
279,276
279,375
279,292
279,309
279,313
279,280
279,291
279,312
279,278
280,276
280,308
280,279
280,312
280,305
281,329
281,332
281,330
281,317
281,284
281,307
283,273
283,276
283,280
283,299
283,301
283,305
283,298
283,300
283,312
283,331
283,325
284,308
284,291
284,276
284,309
284,295
284,281
284,285
284,307
285,308
285,284
285,122
285,291
285,295
286,273
286,43
286,299
286,291
286,306
286,294
286,302
286,320
286,287
287,289
287,273
287,316
287,291
287,299
287,276
287,286
287,320
287,307
288,274
288,316
288,299
288,273
288,304
288,289
288,643
289,286
289,287
289,643
289,274
289,288
289,273
289,304
289,291
289,307
290,312
291,275
291,320
291,272
291,285
291,292
291,842
291,273
291,279
291,307
291,295
292,278
292,279
292,291
293,292
293,378
293,291
294,309
294,291
294,308
294,320
294,286
294,316
294,281
294,284
295,296
295,285
295,291
295,297
296,286
296,316
296,297
296,295
297,296
297,160
298,280
298,331
298,898
298,423
298,276
298,283
298,281
298,312
298,305
298,301
298,325
298,300
299,281
299,286
299,304
299,287
299,316
299,306
299,283
299,302
300,275
300,283
300,305
300,301
300,298
300,331
300,278
300,312
300,325
301,325
302,943
302,299
302,286
302,306
302,298
302,316
302,281
302,282
302,307
303,304
304,288
304,302
304,299
304,303
304,281
304,307
304,950
304,289
305,325
305,283
305,300
305,281
305,298
305,280
305,301
305,312
306,315
306,299
306,312
306,279
306,302
306,314
306,307
306,316
307,308
307,442
307,278
307,331
307,943
307,306
307,309
307,312
307,316
307,281
308,322
308,318
308,276
308,275
308,273
308,297
308,294
308,310
308,291
308,314
308,281
308,285
308,284
308,313
308,309
308,317
308,279
308,312
308,280
308,278
308,306
308,316
308,307
309,278
309,285
309,306
309,276
309,308
309,313
309,281
309,279
309,312
309,316
309,284
309,307
310,306
310,308
310,317
310,1050
311,363
311,800
312,335
312,289
312,279
312,313
312,316
312,317
312,723
312,306
312,283
312,325
312,762
312,248
312,322
312,276
312,298
312,291
312,280
312,309
312,305
312,300
312,307
312,301
313,317
313,322
313,309
313,307
313,316
313,306
313,278
313,291
313,280
313,279
313,312
314,315
314,316
314,306
314,345
314,355
314,347
315,314
315,316
315,306
315,291
315,312
315,307
316,9
316,299
316,320
316,86
316,314
316,442
316,334
316,302
316,308
316,291
316,278
316,306
316,309
316,280
316,279
316,943
316,295
316,281
316,335
316,312
316,307
317,316
317,273
317,281
317,313
317,318
317,292
317,189
317,280
317,278
317,308
317,312
317,310
318,308
318,317
318,278
319,31
320,274
320,276
320,943
320,286
320,287
320,273
322,280
323,280
323,324
324,323
324,322
325,312
325,276
325,278
325,327
325,301
325,283
325,298
325,300
326,286
326,845
326,281
326,330
327,325
327,331
328,331
329,332
330,337
330,845
330,331
330,307
332,335
332,329
333,571
333,329
333,328
333,545
333,549
334,566
334,845
334,337
334,335
335,845
335,445
335,571
335,344
335,337
335,566
335,102
335,340
335,339
335,943
335,334
336,338
336,342
336,571
336,545
336,547
336,337
337,845
337,917
337,336
337,341
337,342
337,943
337,339
337,340
337,335
337,334
338,573
338,334
338,337
338,339
338,335
338,336
339,338
339,337
339,344
339,872
339,342
339,254
339,340
339,335
341,342
341,547
341,337
341,334
341,335
341,340
341,339
342,571
342,868
342,888
342,876
342,336
342,370
342,875
342,337
342,344
342,334
342,340
342,339
342,335
343,335
343,339
343,497
343,340
343,344
344,331
344,343
344,71
344,571
344,497
344,342
344,4
344,340
344,334
344,339
344,335
345,355
345,347
347,355
347,345
347,335
348,352
348,347
348,345
348,349
348,350
348,351
349,352
349,347
349,345
350,353
351,354
351,281
351,307
351,350
351,349
351,348
351,353
351,345
351,352
351,355
351,335
351,347
354,63
355,351
355,345
355,352
355,347
355,356
358,356
358,355
358,345
358,347
358,360
358,359
359,360
361,643
361,835
362,364
362,363
363,635
363,311
363,642
363,880
363,905
363,1044
363,562
363,1030
363,1046
363,785
363,239
363,362
363,1047
363,364
364,906
364,1044
364,905
364,225
364,201
364,564
364,636
364,880
364,646
364,642
364,562
364,239
364,800
364,127
364,128
364,1047
364,785
364,362
364,363
364,131
365,696
365,842
365,375
365,378
365,372
365,373
365,374
365,382
365,383
365,371
365,370
365,377
366,370
366,367
366,377
366,390
366,382
366,380
366,215
366,213
366,389
366,381
366,371
367,380
367,382
367,368
367,389
367,381
367,366
368,686
368,656
368,657
368,387
368,389
368,390
368,380
368,381
368,366
369,379
369,371
369,370
370,999
370,366
370,160
371,369
371,372
371,97
371,161
371,366
371,379
372,371
372,383
372,365
372,379
372,374
372,378
372,373
372,377
372,375
373,388
373,390
373,387
373,386
373,378
373,365
373,695
373,382
373,383
373,384
373,377
373,372
373,374
373,375
374,384
374,365
374,383
374,160
374,373
374,386
374,378
374,377
374,375
374,372
375,387
375,390
375,365
375,581
375,370
375,372
375,373
375,374
375,377
375,378
376,926
377,387
377,390
377,581
377,365
377,335
377,694
377,842
377,382
377,366
377,373
377,374
377,835
377,372
377,378
377,375
378,293
378,385
378,365
378,842
378,581
378,374
378,372
378,375
378,377
379,371
380,63
380,654
380,651
380,643
380,368
380,366
380,390
380,381
380,382
381,660
381,647
381,571
381,651
381,643
381,657
381,744
381,623
381,760
381,390
381,371
381,366
381,380
381,382
381,389
382,667
382,63
382,387
382,174
382,365
382,213
382,367
382,374
382,835
382,379
382,386
382,377
382,651
382,389
382,366
382,643
382,623
382,371
382,380
382,370
382,390
382,368
382,381
383,370
383,371
383,379
383,365
383,375
383,372
384,383
384,374
384,373
384,386
385,378
385,390
385,842
385,377
385,382
385,375
385,374
385,365
385,383
386,375
387,594
387,643
387,63
387,373
387,375
387,377
387,374
387,372
387,383
387,378
387,651
387,368
387,366
387,382
387,381
387,389
387,390
388,372
388,374
388,375
388,63
388,389
388,377
388,373
388,382
388,380
388,366
388,368
388,390
389,381
390,686
390,721
390,660
390,625
390,656
390,654
390,385
390,171
390,667
390,657
390,173
390,374
390,372
390,371
390,623
390,389
390,387
390,63
390,373
390,956
390,375
390,377
390,176
390,760
390,651
390,174
390,589
390,643
390,368
390,382
390,366
390,380
390,381
391,399
391,115
391,397
391,400
391,433
391,394
391,396
391,409
391,402
391,398
391,392
391,393
391,395
391,401
392,526
392,436
392,418
392,413
392,397
392,423
392,400
392,402
392,409
392,391
392,394
392,401
392,393
392,395
393,396
393,115
393,418
393,430
393,433
393,427
393,451
393,428
393,397
393,400
393,399
393,394
393,398
393,391
393,402
393,392
393,401
393,395
394,423
394,402
394,397
394,400
394,392
394,395
394,401
394,393
394,398
394,391
395,399
395,413
395,411
395,115
395,394
395,160
395,71
395,397
395,400
395,433
395,398
395,392
395,423
395,409
395,391
395,393
395,402
395,401
396,398
396,392
396,394
396,400
396,397
396,393
396,115
396,399
396,402
396,401
396,395
396,391
397,115
397,423
397,396
397,409
397,418
397,411
397,413
397,399
397,392
397,398
397,391
397,402
397,395
397,394
397,393
397,401
397,400
398,396
398,431
398,400
398,430
398,423
398,397
398,399
398,402
398,394
398,409
398,391
398,401
398,393
398,395
398,392
399,640
399,424
399,442
399,451
399,400
399,397
399,450
399,398
399,395
399,393
399,402
399,401
399,396
400,444
400,411
400,160
400,436
400,442
400,643
400,418
400,115
400,397
400,409
400,423
400,394
400,398
400,399
400,392
400,401
400,393
400,402
400,395
400,391
401,45
401,160
401,418
401,115
401,413
401,397
401,392
401,398
401,400
401,396
401,399
401,393
401,394
401,391
401,402
401,395
401,409
402,418
402,407
402,423
402,397
402,400
402,392
402,398
402,399
402,393
402,395
402,401
403,405
403,407
403,408
404,408
404,410
404,405
404,406
404,407
404,409
405,403
405,409
405,408
405,179
406,410
406,451
407,451
407,430
407,903
407,404
407,392
407,423
407,402
407,436
407,405
407,403
407,408
407,410
407,409
408,395
408,411
408,413
408,410
408,405
408,407
408,403
408,423
408,409
408,547
408,339
408,160
409,404
409,410
409,418
409,180
409,405
409,407
409,179
409,408
409,184
410,903
410,404
410,405
410,408
410,413
410,865
410,406
410,407
410,409
411,400
411,416
411,418
411,397
411,395
411,408
411,392
411,413
412,416
412,413
412,418
412,411
413,419
413,395
413,411
413,418
414,164
414,160
415,413
417,420
417,61
417,416
418,402
418,401
418,400
418,125
418,411
418,409
418,392
419,411
419,413
420,61
420,413
420,421
420,418
420,417
421,413
421,418
422,433
422,430
422,423
423,298
423,398
423,397
423,425
423,392
423,431
423,428
423,424
423,432
423,395
423,430
423,433
423,436
423,429
424,399
424,436
424,442
424,452
424,425
424,431
424,433
424,430
424,423
424,432
424,428
424,160
424,427
425,424
425,433
425,423
425,430
425,431
425,428
426,430
426,433
426,425
426,432
426,431
427,430
427,433
427,393
427,428
427,424
427,429
427,432
428,762
428,393
428,425
428,431
428,427
428,424
428,433
428,423
428,432
428,430
429,424
429,427
429,432
429,423
430,407
430,436
430,425
430,432
430,431
430,424
430,428
430,451
430,423
430,433
431,427
431,276
431,442
431,425
431,762
431,432
431,436
431,423
431,428
431,424
431,430
431,433
432,426
432,424
432,428
432,430
432,433
432,423
432,429
432,427
433,425
433,436
433,428
433,431
433,424
433,430
433,423
435,957
435,436
435,437
435,463
436,424
436,442
436,400
436,958
436,437
436,433
436,431
436,434
436,435
436,423
437,442
437,433
437,434
437,436
438,448
438,439
438,444
438,450
438,452
438,447
438,442
438,449
438,446
439,450
439,444
439,449
439,445
439,451
440,441
440,439
440,438
440,445
440,443
440,450
440,442
440,451
440,448
440,444
440,446
440,449
440,335
441,440
441,449
441,445
441,452
441,442
441,451
441,446
441,438
441,444
442,399
442,448
442,450
442,444
442,316
442,418
442,917
442,588
442,307
442,566
442,943
442,845
442,424
442,400
442,431
442,436
442,439
442,453
442,423
442,443
442,449
442,437
442,451
442,445
442,438
442,446
442,335
442,452
442,447
443,857
443,247
443,316
443,914
443,702
443,448
443,447
443,446
443,438
443,440
443,444
443,439
443,450
443,763
443,445
443,442
443,449
443,858
443,451
443,453
443,335
444,441
444,453
444,400
444,440
444,443
444,448
444,452
444,447
444,451
444,442
444,439
444,438
444,449
444,450
444,445
444,446
445,441
445,524
445,566
445,440
445,453
445,424
445,448
445,450
445,443
445,943
445,335
445,917
445,845
445,84
445,447
445,442
445,438
445,451
445,439
445,444
445,449
445,446
445,423
446,6
446,448
446,917
446,440
446,566
446,281
446,943
446,334
446,845
446,84
446,433
446,86
446,436
446,75
446,447
446,392
446,423
446,452
446,438
446,442
446,451
446,450
446,449
446,445
446,335
446,444
447,443
447,702
447,763
447,449
447,439
447,448
447,335
447,450
447,444
447,917
447,588
447,452
447,307
447,845
447,943
447,392
447,445
447,446
447,438
447,451
447,442
448,443
448,449
448,447
448,445
448,450
448,692
448,446
448,438
448,440
448,444
448,452
448,442
448,451
449,441
449,448
449,702
449,440
449,443
449,453
449,446
449,447
449,451
449,452
449,442
449,439
449,444
449,450
449,445
450,440
450,453
450,448
450,447
450,443
450,451
450,438
450,439
450,446
450,444
450,449
450,445
450,399
451,441
451,571
451,524
451,306
451,440
451,448
451,521
451,450
451,435
451,434
451,444
451,566
451,400
451,399
451,845
451,856
451,84
451,281
451,86
451,75
451,407
451,436
451,433
451,395
451,406
451,449
451,423
451,437
451,442
451,431
451,307
451,432
451,443
451,393
451,424
451,438
451,446
451,392
451,447
451,439
451,430
451,943
451,452
451,409
451,335
451,445
451,453
452,447
452,699
452,424
452,428
452,449
452,438
452,307
452,446
452,451
452,442
453,442
453,443
453,451
454,467
455,463
457,461
457,458
458,467
458,461
458,462
458,457
460,465
460,461
460,466
460,467
461,460
461,462
461,467
461,457
461,458
462,461
462,27
462,463
462,467
462,458
463,483
463,462
463,527
463,497
464,467
464,466
465,460
465,467
466,460
466,464
467,461
467,526
467,458
467,464
467,465
467,460
467,462
469,486
470,480
470,485
470,486
471,478
471,485
471,481
471,476
471,463
472,43
472,467
472,476
472,485
472,478
472,475
472,477
472,474
474,472
474,477
474,475
475,478
475,485
475,476
475,160
475,477
475,474
476,471
476,481
477,486
477,472
477,475
477,474
478,471
478,475
478,472
479,485
479,487
479,486
480,470
480,485
481,471
481,476
484,463
485,471
485,479
485,486
485,480
485,475
485,470
485,481
485,472
485,478
486,477
486,494
486,469
486,485
486,479
486,470
487,483
488,472
488,476
488,270
488,608
489,492
489,497
489,499
489,547
490,497
490,492
491,489
491,493
491,502
492,502
492,497
492,489
492,490
493,499
493,500
493,494
493,495
493,497
494,502
494,486
494,497
494,493
495,502
495,499
495,494
495,463
495,547
495,497
495,493
496,495
496,497
497,499
497,492
497,490
497,489
497,500
497,493
497,502
497,494
497,463
498,497
498,492
498,489
499,495
499,489
499,500
499,497
500,497
500,493
501,502
502,494
502,489
502,492
502,491
502,497
502,501
503,520
503,816
503,555
503,508
503,517
503,526
503,511
503,537
503,514
503,506
503,516
503,504
503,549
503,515
503,510
503,505
503,518
503,512
503,531
504,517
504,538
504,550
504,514
504,506
504,515
504,503
504,510
504,505
504,511
504,520
504,518
504,512
505,553
505,531
505,504
505,506
505,515
505,512
505,503
505,518
505,520
505,511
505,514
505,516
505,510
506,507
506,548
506,539
506,867
506,7
506,62
506,537
506,547
506,549
506,512
506,545
506,504
506,516
506,503
506,510
506,515
506,505
506,514
506,518
506,520
506,511
507,509
507,512
507,519
507,24
507,508
507,517
507,516
507,506
507,515
507,518
507,511
507,503
507,514
507,510
508,513
508,507
508,510
508,511
508,514
508,503
508,515
508,517
508,509
509,519
509,504
509,516
509,514
509,513
509,503
509,511
509,512
509,506
509,515
509,507
509,508
509,517
509,510
509,505
510,509
510,62
510,513
510,507
510,508
510,517
510,506
510,504
510,515
510,503
510,512
510,520
510,518
510,511
510,514
510,516
510,505
511,549
511,519
511,507
511,508
511,516
511,517
511,7
511,515
511,504
511,547
511,537
511,505
511,514
511,510
511,539
511,506
511,520
511,518
511,503
511,512
512,517
512,507
512,537
512,539
512,515
512,552
512,504
512,548
512,544
512,542
512,506
512,62
512,510
512,520
512,505
512,518
512,511
512,547
512,531
512,549
512,503
513,508
513,512
513,514
513,519
513,520
513,515
513,509
513,518
513,510
513,550
514,517
514,507
514,519
514,508
514,545
514,520
514,556
514,1037
514,518
514,503
514,504
514,515
514,506
514,335
514,511
514,505
514,510
514,512
514,516
515,539
515,513
515,507
515,551
515,555
515,508
515,538
515,536
515,517
515,506
515,504
515,510
515,511
515,514
515,505
515,516
515,503
515,518
515,520
515,512
515,537
515,550
515,549
515,548
515,547
515,544
515,545
515,556
516,507
516,509
516,504
516,518
516,521
516,506
516,515
516,505
516,510
516,511
516,520
516,547
516,503
516,512
516,514
517,516
517,508
517,547
517,512
517,506
517,514
517,511
517,518
517,520
517,503
517,515
517,504
517,510
517,505
518,513
518,506
518,504
518,510
518,520
518,505
518,511
518,549
518,503
518,512
519,513
519,509
519,511
519,507
519,514
520,515
520,530
520,545
520,504
520,549
520,539
520,505
520,510
520,516
520,511
520,518
520,512
521,523
521,51
521,549
521,552
521,535
521,537
521,528
521,512
521,516
521,522
521,524
521,520
521,532
521,527
521,530
521,531
521,526
521,529
522,535
522,532
522,528
522,524
522,526
522,529
523,547
523,535
523,524
523,532
523,529
524,534
524,535
524,537
524,521
524,530
524,528
524,522
524,523
524,529
524,532
526,532
526,529
526,467
526,503
526,545
526,527
526,542
526,544
526,530
526,521
526,531
527,551
527,528
527,463
527,526
527,547
527,529
527,530
527,531
528,527
528,532
528,524
528,522
528,535
529,520
529,524
529,526
529,521
529,535
529,523
529,531
529,527
529,530
529,532
530,521
530,524
530,535
530,527
530,544
530,542
530,547
530,526
531,549
531,526
531,527
531,512
531,547
531,530
531,521
531,503
532,535
532,526
532,521
532,528
532,522
532,524
532,529
532,530
533,545
534,524
534,535
536,546
536,554
536,544
536,543
536,537
536,539
536,162
536,542
536,545
536,549
536,547
537,71
537,193
537,195
537,571
537,868
537,515
537,506
537,219
537,511
537,220
537,549
537,160
537,198
537,556
537,539
537,544
537,543
537,542
537,547
538,515
538,556
538,542
538,536
538,550
538,555
538,547
538,548
538,539
538,545
538,549
538,554
538,544
538,537
538,543
538,551
539,515
539,512
539,868
539,553
539,552
539,551
539,546
539,554
539,556
539,550
539,555
539,548
539,544
539,543
539,538
539,537
539,545
539,536
539,511
539,542
539,549
539,547
541,537
541,539
541,542
541,549
541,545
541,538
541,547
542,539
542,543
542,526
542,544
542,549
542,547
543,539
543,571
543,538
543,545
543,542
543,547
543,551
543,549
543,544
543,537
544,555
544,512
544,539
544,530
544,548
544,551
544,550
544,556
544,538
544,526
544,549
544,537
544,543
544,547
544,542
544,545
545,811
545,553
545,164
545,551
545,160
545,546
545,556
545,554
545,526
545,555
545,515
545,550
545,548
545,520
545,536
545,538
545,543
545,150
545,552
545,544
545,71
545,539
545,542
546,551
546,536
546,554
546,548
546,539
546,547
546,545
546,549
546,550
546,556
546,553
547,553
547,516
547,193
547,888
547,189
547,554
547,552
547,551
547,506
547,515
547,546
547,555
547,550
547,538
547,548
547,544
547,537
547,198
547,543
547,71
547,539
547,542
547,512
547,531
547,536
547,549
548,546
548,506
548,512
548,555
548,542
548,543
548,539
548,544
548,538
548,550
548,549
548,537
548,551
548,515
548,545
548,547
548,556
549,221
549,188
549,548
549,544
549,554
549,545
549,193
549,546
549,550
549,195
549,536
549,189
549,538
549,161
549,543
549,537
549,512
549,520
549,542
549,162
549,539
549,518
549,547
550,546
550,818
550,504
550,554
550,555
550,536
550,513
550,537
550,545
550,543
550,539
550,542
550,551
550,538
550,548
550,515
550,544
550,556
550,549
550,547
551,527
551,515
551,546
551,539
551,545
551,549
551,554
551,544
551,550
551,556
551,555
551,804
551,548
551,538
551,543
551,537
551,547
552,518
552,543
552,160
552,545
552,549
552,554
552,547
553,544
553,505
553,539
553,556
553,545
553,546
554,547
554,546
554,549
554,539
554,543
554,536
554,550
554,556
554,545
554,555
554,551
554,538
554,552
555,539
555,550
555,548
555,554
555,544
555,545
555,551
555,537
555,538
555,549
555,547
556,553
556,546
556,539
556,545
556,554
556,555
556,538
556,551
556,999
556,550
556,537
556,543
556,544
556,515
556,548
557,558
558,557
558,559
559,558
561,635
561,638
561,563
561,800
561,905
561,566
561,564
561,562
562,563
562,800
562,561
562,564
563,880
563,564
563,561
563,562
564,563
564,800
564,561
564,562
565,107
565,264
566,223
566,259
566,571
566,334
566,442
566,588
566,845
566,917
566,307
566,335
567,571
569,244
569,238
570,573
570,572
570,888
570,580
570,581
570,566
570,579
570,571
571,573
571,580
571,891
571,572
571,579
571,868
571,888
572,573
572,580
572,571
573,572
573,579
573,570
573,580
573,574
573,571
574,578
574,580
574,868
574,573
574,579
574,571
575,573
575,581
575,578
575,571
575,566
575,588
575,576
576,572
576,580
576,588
576,578
576,575
576,581
576,566
576,571
578,588
578,576
578,575
578,579
578,572
578,580
578,573
578,570
578,566
579,580
579,573
579,574
579,571
580,537
580,570
580,574
580,573
580,572
580,579
580,571
581,695
581,378
581,842
581,377
581,375
581,571
581,567
584,696
584,585
585,587
585,704
585,375
585,581
585,377
585,372
585,291
585,279
585,365
585,694
585,48
585,842
585,696
585,695
585,98
585,584
587,570
587,567
587,381
587,571
587,566
587,579
587,572
587,585
587,991
587,990
588,575
588,578
588,576
588,845
588,571
588,307
588,255
588,334
588,334
588,943
588,917
588,316
588,447
588,566
588,84
589,390
589,591
589,598
589,643
589,593
589,625
589,592
589,594
589,597
589,171
589,617
589,835
589,623
589,169
589,600
590,625
590,597
591,613
591,610
591,597
591,618
591,598
591,592
591,593
591,594
591,607
591,617
591,595
592,598
592,626
592,591
592,593
592,618
592,594
592,615
592,589
592,597
592,625
593,63
593,922
593,171
593,953
593,835
593,643
593,598
593,174
593,596
593,603
593,173
593,955
593,956
593,618
593,169
593,591
593,592
593,597
593,600
593,589
593,594
594,595
594,592
594,171
594,623
594,591
594,598
594,643
594,835
594,597
594,603
594,600
594,593
594,618
594,169
594,615
594,610
594,617
594,589
595,611
595,613
595,173
595,592
595,176
595,596
595,618
595,610
595,599
595,617
595,168
595,597
595,598
595,593
595,594
595,600
595,589
595,591
595,590
596,613
596,599
596,610
596,618
596,595
596,617
596,594
596,597
596,589
596,593
596,169
596,643
596,160
597,595
597,591
597,760
597,593
597,626
597,596
597,643
597,625
597,590
597,592
597,623
597,618
597,589
597,594
598,596
598,592
598,169
598,643
598,176
598,617
598,600
598,589
598,594
598,591
598,593
598,595
599,604
599,610
599,603
599,618
599,617
599,595
599,600
599,602
599,601
600,605
600,598
600,603
600,593
600,594
600,589
600,601
601,604
601,603
601,160
601,606
601,614
601,602
601,605
601,600
602,604
602,599
602,601
603,599
603,594
603,589
603,606
603,601
603,600
603,605
604,613
604,599
604,618
604,606
604,603
604,601
604,605
605,599
605,604
605,603
605,600
605,601
606,604
606,603
606,594
606,605
606,601
606,600
607,618
607,478
607,614
607,609
607,608
607,620
607,616
607,589
608,614
608,615
608,589
608,593
608,611
608,620
608,607
608,609
608,594
608,617
608,610
608,612
608,616
608,463
608,600
608,618
609,611
609,607
609,620
609,610
609,608
609,616
609,619
609,621
609,617
609,618
609,614
609,107
610,591
610,599
610,612
610,920
610,596
610,595
610,1004
610,611
610,1009
610,264
610,620
610,609
610,608
610,615
610,594
610,616
610,618
610,614
610,607
610,617
611,595
611,615
611,619
611,621
611,608
611,1004
611,614
611,609
611,607
611,610
611,616
611,618
611,617
611,612
612,594
612,609
612,610
612,615
612,614
612,1002
612,619
612,611
612,620
612,617
612,621
612,616
612,618
612,608
613,599
613,604
613,596
613,617
613,595
613,610
613,591
613,618
614,619
614,665
614,920
614,557
614,674
614,613
614,608
614,611
614,612
614,620
614,615
614,616
614,610
614,609
614,617
614,607
614,618
614,1004
614,1006
614,601
614,600
614,589
614,594
615,618
615,608
615,612
615,619
615,611
615,620
615,614
615,592
615,594
615,610
615,617
616,609
616,620
616,610
616,618
616,617
616,607
616,614
617,613
617,598
617,593
617,608
617,619
617,599
617,596
617,595
617,611
617,620
617,612
617,615
617,609
617,594
617,610
617,160
617,618
617,614
617,589
617,616
618,595
618,1003
618,621
618,593
618,611
618,592
618,620
618,594
618,1002
618,1004
618,615
618,609
618,610
618,601
618,617
618,597
618,607
618,614
618,160
618,612
618,1006
618,589
618,600
618,616
618,608
619,789
619,616
619,598
619,608
619,615
619,618
619,621
619,614
619,612
619,610
619,611
619,617
619,607
619,609
620,611
620,619
620,621
620,608
620,612
620,600
620,589
620,616
620,609
620,615
620,594
620,614
620,618
620,607
620,617
620,610
621,619
621,611
621,620
621,612
621,618
621,609
622,627
622,594
622,600
622,589
622,626
622,623
622,625
623,63
623,390
623,592
623,760
623,598
623,600
623,765
623,742
623,651
623,591
623,215
623,174
623,382
623,171
623,609
623,632
623,596
623,633
623,593
623,624
623,597
623,627
623,622
623,626
623,625
623,643
623,381
623,213
623,835
623,589
623,71
623,950
623,169
623,594
624,622
624,590
624,626
624,213
624,625
624,627
624,623
625,549
625,740
625,616
625,547
625,63
625,835
625,214
625,643
625,598
625,593
625,591
625,622
625,626
625,624
625,627
625,597
625,590
625,630
625,600
625,601
625,589
625,592
625,623
625,594
626,591
626,592
626,627
626,547
626,171
626,624
626,622
626,625
626,589
626,597
626,623
626,594
627,589
627,592
627,626
627,633
627,623
627,625
627,594
629,634
629,633
629,594
629,631
629,600
630,625
630,633
630,59
630,601
631,601
631,633
631,629
631,600
631,594
632,634
632,623
632,633
632,594
633,629
633,631
633,589
633,630
633,601
633,634
633,600
633,594
634,594
634,589
634,601
634,630
634,600
634,633
635,906
635,561
635,363
635,239
635,1044
635,880
635,1047
635,905
635,662
635,1030
635,907
635,643
635,645
635,661
635,642
635,638
635,646
635,636
636,905
636,635
636,642
636,791
636,646
636,638
637,655
638,561
638,905
638,1044
638,645
638,662
638,661
638,635
638,643
638,646
638,642
638,636
640,399
640,651
640,652
642,1046
642,364
642,363
642,800
642,1044
642,905
642,661
642,635
642,638
642,636
643,176
643,625
643,660
643,667
643,926
643,760
643,661
643,656
643,659
643,654
643,657
643,160
643,171
643,173
643,647
643,174
643,593
643,589
643,594
643,63
643,835
643,658
643,651
643,169
644,636
644,638
645,651
645,643
646,635
646,638
646,636
647,381
647,656
647,657
647,658
647,655
647,654
647,651
647,659
647,643
648,643
648,365
648,651
648,652
651,660
651,169
651,381
651,645
651,647
651,655
651,658
651,380
651,382
651,643
651,654
652,640
652,648
652,651
654,721
654,390
654,645
654,656
654,381
654,660
654,623
654,625
654,63
654,657
654,647
654,659
654,643
654,658
654,651
654,380
655,836
655,651
656,721
656,368
656,654
656,643
656,647
656,390
657,760
657,659
657,686
657,63
657,368
657,661
657,390
657,654
657,647
657,382
657,651
657,643
658,659
658,651
659,656
659,171
659,657
659,654
659,643
659,651
659,647
659,658
660,654
660,657
660,647
660,656
660,643
660,651
661,657
661,662
661,646
661,642
661,635
661,643
661,638
662,638
662,661
662,635
665,264
666,1051
666,244
667,673
667,63
667,678
667,668
667,651
667,390
667,643
668,913
668,667
668,673
669,365
669,643
669,375
670,667
672,676
673,667
673,668
674,265
675,677
676,674
676,665
676,672
677,675
678,65
678,667
680,681
681,680
681,665
682,566
682,84
682,943
682,684
684,75
684,682
684,943
684,858
685,706
686,916
686,368
686,685
686,63
686,651
686,173
686,657
686,259
686,381
686,390
686,720
686,721
687,692
689,700
689,690
689,702
689,699
689,691
689,692
689,701
690,702
690,699
690,692
691,692
691,689
691,468
692,710
692,708
692,721
692,698
692,444
692,450
692,838
692,73
692,700
692,86
692,715
692,917
692,448
692,438
692,445
692,447
692,442
692,691
692,723
692,707
692,687
692,722
692,689
692,699
692,702
692,701
692,940
692,690
694,842
694,377
694,375
694,374
694,372
694,696
694,695
694,706
694,699
694,704
695,872
695,865
695,882
695,160
695,378
695,48
695,584
695,383
695,98
695,585
695,705
695,717
695,699
695,384
695,581
695,46
695,377
695,706
695,704
695,696
695,372
695,374
695,373
695,842
695,694
695,375
696,365
696,842
696,585
696,584
696,695
696,694
697,702
698,689
698,690
698,692
698,702
698,699
698,701
699,723
699,452
699,442
699,702
699,160
700,692
700,699
701,698
701,699
701,702
701,690
701,692
702,697
702,255
702,698
702,443
702,447
702,700
702,689
702,449
702,701
702,690
702,692
702,699
704,585
704,695
704,717
704,706
704,705
705,292
706,739
706,694
706,545
706,316
706,738
706,717
706,759
706,307
706,943
706,719
706,109
706,699
706,335
707,692
707,312
707,278
707,723
707,276
707,706
708,692
708,15
708,709
708,271
708,111
708,113
709,271
709,708
710,692
710,711
710,712
710,845
710,943
710,699
710,706
711,712
711,710
712,711
712,710
712,706
713,716
713,714
713,718
713,717
714,713
715,692
715,877
715,47
715,717
715,716
715,713
715,714
715,718
715,706
716,715
716,713
716,7
716,718
716,717
717,714
717,62
717,7
717,340
717,699
717,706
717,716
717,718
717,713
718,19
718,713
718,716
718,717
719,706
721,740
721,368
721,916
721,390
721,381
721,259
721,654
721,657
721,623
721,173
721,656
721,361
721,579
721,580
721,61
721,43
721,651
721,63
721,686
721,685
721,720
723,116
723,699
723,692
723,688
723,276
723,762
723,312
723,280
723,898
723,248
723,722
723,707
723,706
727,735
727,109
727,739
727,736
727,738
727,160
728,729
728,730
728,731
728,732
728,733
729,731
729,732
729,728
730,731
730,733
730,732
730,728
731,730
731,729
731,732
731,728
731,733
732,729
732,730
732,731
732,733
732,728
733,730
733,732
733,731
733,728
734,727
734,736
734,739
734,738
735,748
735,109
735,727
735,738
735,734
735,739
735,736
736,549
736,735
736,734
736,727
736,739
736,738
736,109
737,739
737,738
737,736
737,735
738,737
738,748
738,744
738,735
738,706
738,734
738,109
738,727
738,736
738,739
739,727
739,109
739,734
739,736
739,738
740,721
740,388
740,747
741,742
741,745
741,744
741,749
742,748
742,950
742,949
742,741
742,743
742,623
742,381
742,382
742,760
742,745
742,643
742,215
742,744
743,744
743,742
743,594
743,745
744,643
744,63
744,748
744,214
744,381
744,741
744,736
744,747
744,749
744,745
744,738
744,743
744,742
745,747
745,741
745,748
745,743
745,835
745,771
745,643
745,734
745,738
745,736
745,739
745,744
745,742
746,744
746,745
746,742
746,63
746,173
746,643
747,740
747,748
747,743
747,741
747,749
747,745
747,742
747,744
748,740
748,738
748,736
748,735
748,741
748,749
748,742
748,744
748,747
748,745
749,643
749,594
750,767
751,760
752,754
752,757
752,758
753,756
753,752
753,755
754,859
754,865
754,882
754,759
754,758
754,755
754,762
754,757
754,752
754,339
754,872
754,254
755,756
755,754
756,266
756,270
756,107
756,755
757,763
757,758
757,752
758,917
758,752
758,757
759,762
759,109
760,387
760,761
760,657
760,389
760,390
760,750
760,623
760,591
760,335
760,953
760,955
760,651
760,948
760,950
760,751
760,949
760,754
760,759
760,765
760,63
760,597
760,643
760,366
760,835
760,762
760,752
760,381
760,589
760,594
761,453
761,763
761,566
761,845
761,446
761,442
761,750
761,758
761,943
761,335
762,280
762,278
762,898
762,431
762,759
763,571
763,86
763,566
763,757
763,758
763,764
763,845
763,752
764,763
764,281
764,307
764,752
765,760
765,382
765,643
766,625
766,760
766,765
767,750
767,768
767,762
768,762
768,750
768,767
769,757
771,382
771,949
771,63
771,366
771,643
773,777
773,778
774,777
774,160
774,547
777,1050
777,774
777,778
777,773
778,781
778,773
779,581
780,773
781,778
783,787
785,788
787,328
788,462
788,785
788,836
788,977
788,786
788,828
789,565
789,107
790,792
790,160
791,636
791,792
792,785
792,790
792,791
793,141
793,797
793,801
793,794
793,131
793,800
793,802
794,800
794,797
794,202
794,813
794,801
795,801
795,131
795,635
795,561
795,646
795,636
795,807
795,806
795,907
795,880
795,800
795,793
795,799
795,802
796,132
796,131
796,800
797,208
797,812
797,200
797,793
797,801
797,799
797,794
799,132
799,793
799,797
799,800
799,802
800,785
800,138
800,801
800,311
800,225
800,792
800,1044
800,364
800,127
800,128
800,642
800,1030
800,562
800,564
800,561
800,794
800,571
800,796
800,132
800,812
800,813
800,797
800,799
800,202
800,793
800,802
800,131
801,800
801,131
801,797
801,793
801,794
802,819
802,794
802,805
802,547
802,813
802,56
802,806
802,804
802,812
802,808
802,809
802,71
802,799
802,800
802,820
802,811
803,809
803,807
803,813
804,824
804,822
804,817
804,820
804,806
804,810
804,809
804,802
804,805
804,808
804,807
804,811
804,813
804,551
804,812
804,819
805,809
805,812
805,804
805,813
805,822
805,816
805,811
806,571
806,809
806,820
806,813
806,804
806,998
806,802
806,811
806,807
806,805
806,888
806,808
806,810
806,812
806,34
807,810
807,803
807,819
807,547
807,549
807,806
807,802
807,809
807,813
807,812
807,811
807,804
807,805
807,808
807,165
807,160
808,802
808,806
808,812
808,809
808,804
808,813
808,807
808,805
809,24
809,803
809,543
809,542
809,547
809,824
809,811
809,804
809,808
809,807
809,812
809,813
810,812
810,806
811,818
811,819
811,808
811,804
811,806
811,807
811,810
811,813
811,812
811,809
811,571
811,143
811,193
811,820
811,547
811,545
811,802
811,160
812,797
812,820
812,811
812,817
812,802
812,800
812,810
812,819
812,806
812,805
812,808
812,807
812,809
812,813
812,804
813,822
813,803
813,806
813,820
813,549
813,811
813,24
813,827
813,817
813,800
813,794
813,987
813,802
813,547
813,545
813,808
813,812
813,809
813,804
813,160
813,819
813,807
813,805
814,825
814,815
814,821
814,826
814,827
814,823
814,817
814,824
814,816
814,822
814,820
814,819
815,820
815,822
815,814
815,823
815,818
815,826
815,819
815,827
815,816
815,821
815,817
815,512
816,818
816,820
816,503
816,47
816,826
816,827
816,815
816,824
816,821
816,805
816,814
816,823
816,819
816,822
816,817
817,867
817,820
817,804
817,807
817,811
817,802
817,812
817,813
817,818
817,826
817,824
817,827
817,823
817,819
817,822
817,816
817,821
817,815
818,820
818,821
818,823
818,826
818,814
818,822
818,816
818,824
818,815
818,550
818,819
818,817
819,802
819,811
819,822
819,821
819,818
819,812
819,807
819,815
819,826
819,827
819,813
819,816
819,817
819,824
819,804
819,823
819,814
820,545
820,811
820,150
820,7
820,571
820,512
820,819
820,818
820,805
820,815
820,817
820,807
820,189
820,549
820,221
820,806
820,822
820,823
820,821
820,827
820,547
820,826
821,820
821,47
821,818
821,826
821,819
821,824
821,827
821,814
821,816
821,822
821,817
821,815
821,823
822,810
822,806
822,809
822,813
822,802
822,804
822,811
822,807
822,808
822,818
822,815
822,826
822,827
822,821
822,805
822,817
822,816
822,823
822,512
822,824
822,820
822,819
822,814
823,503
823,47
823,815
823,826
823,818
823,827
823,824
823,817
823,816
823,822
823,821
823,814
823,819
824,817
824,826
824,825
824,816
824,822
824,814
824,819
824,820
825,826
826,512
826,820
826,827
826,821
826,823
826,822
826,47
826,794
826,814
826,816
826,817
826,547
826,824
826,819
826,802
827,811
827,808
827,813
827,826
827,824
827,815
827,821
827,823
827,819
827,820
827,822
827,816
827,817
827,814
828,831
828,788
829,9
829,164
830,829
831,830
831,832
832,830
832,831
833,785
834,868
834,850
834,888
834,571
834,572
834,903
834,879
834,871
834,840
834,863
834,849
834,875
834,835
834,872
834,889
834,836
834,891
834,898
834,842
834,877
834,856
834,843
834,845
834,24
835,625
835,953
835,949
835,593
835,845
835,643
835,856
835,589
835,866
835,377
835,594
836,27
838,566
838,223
838,902
838,900
838,839
838,859
838,864
838,858
838,335
838,844
838,845
838,856
839,889
839,867
839,888
839,838
839,566
839,859
839,334
839,864
839,75
839,281
839,307
839,902
839,900
839,86
839,865
839,835
839,858
839,844
839,856
839,845
840,855
840,903
840,859
840,872
841,836
841,849
841,24
841,850
842,836
842,845
842,696
842,377
842,180
842,849
842,856
842,859
842,891
842,160
843,877
843,873
843,163
843,9
843,862
843,844
843,853
843,861
843,891
843,875
843,903
843,850
843,845
843,879
843,887
843,889
843,863
843,888
843,856
843,868
843,849
844,859
844,838
844,901
844,843
844,902
844,864
844,856
844,858
844,845
844,900
844,839
845,85
845,247
845,73
845,1027
845,87
845,857
845,320
845,838
845,836
845,901
845,861
845,875
845,223
845,237
845,865
845,888
845,917
845,842
845,843
845,445
845,442
845,334
845,337
845,84
845,566
845,86
845,335
845,835
845,903
845,844
845,864
845,858
845,839
845,856
846,845
847,842
848,845
849,841
849,834
849,845
849,850
849,863
849,865
849,882
849,889
849,868
849,872
849,866
849,859
849,843
849,891
850,863
850,880
850,868
850,889
850,849
850,879
850,843
850,891
851,836
851,897
851,887
851,882
851,859
851,865
851,856
851,898
851,885
851,839
851,842
851,884
851,867
851,877
851,891
851,888
851,863
851,835
851,879
851,889
851,876
851,869
851,881
851,886
851,843
851,868
851,853
851,875
852,868
852,861
852,881
852,849
852,875
852,843
852,891
852,851
852,853
852,879
852,886
852,889
852,887
852,876
852,869
852,863
852,850
853,863
853,856
853,843
853,875
853,889
853,850
853,868
853,836
853,876
855,865
855,903
855,840
855,882
855,872
855,859
856,902
856,844
856,865
856,851
856,853
856,863
856,838
856,836
856,917
856,861
856,571
856,451
856,872
856,86
856,835
856,839
856,843
856,859
856,842
856,845
857,902
857,838
857,839
857,845
857,856
858,839
858,844
858,845
858,684
858,856
858,335
859,840
859,754
859,842
859,882
859,903
859,856
859,865
859,849
860,859
860,856
860,865
861,862
861,863
861,845
861,843
861,867
862,869
862,861
862,868
862,875
862,843
863,851
863,874
863,853
863,869
863,856
863,835
863,861
863,843
863,849
863,889
863,850
863,888
863,875
863,868
864,838
864,902
864,900
864,839
864,844
864,859
864,868
864,845
865,845
865,849
865,860
865,903
865,410
865,891
865,872
865,893
865,882
865,859
866,872
866,849
866,898
866,835
866,891
867,7
867,84
868,71
868,873
868,869
868,9
868,885
868,861
868,1048
868,999
868,850
868,875
868,571
868,879
868,887
868,889
868,863
868,849
868,160
868,843
868,888
868,891
869,873
869,546
869,549
869,189
869,542
869,889
869,881
869,876
869,875
869,861
869,863
869,888
869,868
870,988
870,872
870,868
870,891
870,894
870,840
870,254
870,865
871,7
871,867
872,894
872,856
872,866
872,849
872,865
872,882
872,840
872,254
872,339
872,893
873,843
873,869
873,868
875,863
875,845
875,853
875,876
875,843
875,887
875,888
875,889
875,342
875,879
875,868
875,891
876,869
876,863
876,342
876,856
876,875
876,843
876,850
876,891
876,853
876,889
876,836
876,890
876,888
877,843
877,871
877,715
877,884
878,868
879,863
879,843
879,887
879,875
879,868
879,888
879,850
879,889
879,891
879,849
880,363
880,364
880,905
880,635
880,1047
880,850
881,869
881,888
881,868
882,893
882,754
882,254
882,849
882,865
882,872
883,254
883,894
883,868
883,872
883,988
883,870
883,865
883,882
884,867
885,868
885,888
885,867
887,891
887,849
887,875
887,850
887,879
887,889
887,863
887,843
887,868
887,888
888,547
888,193
888,549
888,189
888,198
888,9
888,869
888,192
888,885
888,845
888,78
888,863
888,71
888,875
888,999
888,571
888,887
888,879
888,889
888,891
888,843
888,876
888,868
889,71
889,875
889,887
889,879
889,903
889,850
889,160
889,863
889,861
889,849
889,868
889,876
889,888
889,843
889,891
890,547
890,843
890,876
891,571
891,889
891,868
891,849
894,843
894,849
894,845
894,935
894,254
894,339
894,868
894,872
894,865
894,903
894,840
894,893
894,859
894,882
895,869
897,974
897,53
897,836
897,842
897,655
897,335
897,898
897,999
897,891
897,868
898,897
898,280
898,723
898,842
898,868
899,859
899,872
899,882
899,894
899,893
899,903
899,865
900,838
900,864
900,902
900,845
900,844
900,839
901,845
901,844
902,857
902,856
902,838
902,864
902,844
902,839
902,900
903,843
903,403
903,406
903,410
903,408
903,868
903,845
903,893
903,894
903,254
903,872
903,335
903,865
903,849
903,882
903,859
905,363
905,239
905,792
905,131
905,638
905,646
905,636
905,880
905,642
905,127
905,128
905,561
905,635
905,906
905,907
906,907
906,905
907,906
907,905
908,906
908,907
908,905
908,1030
909,914
909,917
910,917
910,915
911,270
913,668
913,244
914,335
914,917
916,686
916,721
916,656
917,306
917,909
917,446
917,231
917,259
917,87
917,588
917,334
917,856
917,845
917,445
917,442
917,84
917,571
917,914
917,86
917,247
917,254
917,65
917,281
917,307
917,566
917,943
917,71
917,102
917,335
918,924
918,919
919,918
919,932
920,1011
921,919
921,922
922,932
922,593
922,594
922,160
924,918
924,922
924,926
924,933
927,934
927,928
927,933
927,926
927,924
928,927
929,930
930,27
930,929
931,919
932,919
933,932
933,919
933,924
933,931
935,936
936,179
936,926
936,935
937,275
937,272
937,949
937,946
937,942
937,941
937,320
937,948
937,938
937,939
937,944
937,950
937,940
938,946
938,939
938,950
938,87
938,86
938,942
938,682
938,937
939,940
939,43
939,322
939,75
939,942
939,941
939,943
940,71
940,939
940,942
940,943
941,939
941,944
942,941
942,938
942,75
942,939
942,947
942,940
943,316
943,445
943,917
943,442
943,320
943,307
943,335
944,946
944,868
944,950
944,941
944,943
945,946
945,939
945,941
946,81
946,939
946,941
946,937
946,43
946,944
946,6
946,20
947,63
947,760
947,940
947,939
947,942
947,948
947,949
947,943
947,950
948,949
948,943
948,950
949,941
949,51
949,950
949,643
949,594
949,593
949,598
949,955
949,20
949,667
949,760
949,948
949,63
949,943
949,940
949,835
950,937
950,938
950,623
950,943
951,952
951,955
951,956
951,953
952,969
952,173
952,954
952,951
952,955
952,953
952,956
953,214
953,835
953,760
953,169
953,593
953,982
953,951
953,956
953,955
954,643
954,952
954,955
954,956
954,953
955,952
955,164
955,160
955,174
955,173
955,597
955,589
955,209
955,594
955,171
955,643
955,593
955,169
955,953
955,956
956,952
956,951
956,643
956,593
956,957
956,958
956,953
956,955
958,957
958,959
958,960
958,436
958,964
958,965
958,962
958,956
958,963
958,961
959,958
959,965
959,960
960,959
960,962
960,961
960,957
960,964
960,963
960,965
960,958
961,962
961,965
961,964
961,963
961,960
961,956
961,958
962,961
962,160
962,963
962,957
962,964
962,958
963,960
963,964
963,962
963,961
963,957
963,436
963,434
963,958
964,965
964,549
964,547
964,956
964,434
964,961
964,962
964,963
964,958
964,957
965,961
965,959
965,960
965,964
965,958
965,957
966,986
966,971
966,987
966,968
967,982
967,969
967,941
967,868
967,571
967,970
967,987
967,968
967,966
968,969
968,970
968,987
968,971
968,160
968,966
969,952
969,78
969,68
969,189
969,537
969,968
969,970
969,987
969,967
969,966
969,571
969,160
970,969
970,968
971,986
971,966
971,968
971,987
972,987
972,977
972,988
972,955
972,963
972,991
972,957
972,953
972,956
972,966
972,968
972,971
972,986
973,974
973,978
974,982
974,977
974,973
974,978
975,978
975,977
976,788
976,978
977,973
977,978
978,979
978,788
978,975
978,974
978,463
978,977
978,973
979,978
979,897
980,978
980,977
980,979
980,975
981,218
981,974
981,982
982,967
982,974
982,971
982,981
982,983
982,953
983,956
983,111
983,982
984,991
984,987
986,987
986,966
986,971
987,967
987,969
987,986
987,999
987,971
987,991
987,966
987,968
987,71
988,254
988,989
988,991
988,987
989,988
990,991
991,324
991,323
991,918
991,984
991,7
991,169
991,43
991,956
991,63
991,180
991,160
991,167
991,987
991,589
991,115
991,571
991,71
991,990
991,643
991,988
991,322
991,924
994,1000
994,996
994,998
994,999
994,995
994,997
995,1000
995,994
995,996
995,997
995,999
995,998
996,71
996,829
996,994
996,995
996,997
996,1003
996,999
996,1000
996,998
996,1002
997,65
997,370
997,195
997,189
997,221
997,811
997,192
997,549
997,579
997,24
997,831
997,571
997,71
997,1050
997,888
997,995
997,994
997,1000
997,998
997,996
997,999
998,810
998,806
998,994
998,997
998,1000
998,995
998,996
998,999
999,1008
999,1009
999,1003
999,1006
999,868
999,888
999,1048
999,71
999,547
999,543
999,1000
999,1050
999,987
999,994
999,995
999,189
999,161
999,997
999,195
999,545
999,966
999,370
999,897
999,996
999,998
999,1002
999,160
1000,994
1000,999
1000,995
1000,997
1000,998
1000,996
1001,1005
1001,1008
1001,1007
1001,594
1001,920
1001,1009
1001,1002
1001,617
1001,264
1001,463
1001,1011
1001,1006
1001,1004
1002,1005
1002,1009
1002,594
1002,999
1002,1011
1002,996
1002,1008
1002,1006
1002,1004
1002,1001
1002,1003
1003,1005
1003,1007
1003,999
1003,996
1003,1009
1003,1008
1003,1002
1003,1004
1003,1006
1004,1005
1004,1007
1004,1010
1004,611
1004,610
1004,607
1004,1009
1004,615
1004,264
1004,1008
1004,1002
1004,618
1004,614
1004,616
1004,1011
1004,1001
1004,1003
1004,1006
1005,1007
1005,1002
1005,1008
1005,1011
1005,1001
1005,1004
1005,1003
1005,1006
1006,1007
1006,1005
1006,999
1006,1010
1006,264
1006,607
1006,1009
1006,617
1006,1002
1006,1008
1006,614
1006,618
1006,1001
1006,1004
1006,1003
1007,1005
1007,1011
1007,1010
1007,1008
1007,1009
1007,1001
1007,1002
1007,1004
1007,1006
1007,999
1007,1003
1008,1007
1008,1010
1008,999
1008,264
1008,1009
1008,1002
1008,1006
1008,463
1008,1004
1008,1003
1008,1001
1009,565
1009,1007
1009,1010
1009,996
1009,610
1009,1008
1009,1003
1009,1002
1009,1006
1009,1004
1009,1001
1010,1007
1010,1011
1010,1001
1010,1008
1010,1003
1010,1004
1010,1002
1010,1006
1010,1009
1011,1005
1011,920
1011,1012
1011,1002
1011,1004
1011,1001
1012,1011
1015,327
1015,331
1016,1017
1016,328
1017,118
1017,1016
1017,117
1018,105
1020,245
1020,411
1020,413
1020,1031
1020,61
1020,125
1022,1023
1023,1022
1023,571
1024,7
1024,867
1024,571
1027,332
1027,86
1028,61
1028,1031
1029,1038
1029,1033
1029,1048
1029,1045
1029,1037
1029,1032
1029,1034
1030,800
1030,363
1030,635
1030,1044
1030,1040
1031,245
1031,1028
1031,1050
1031,1048
1031,1034
1031,1020
1031,61
1032,1038
1032,1029
1032,1036
1032,1045
1032,1037
1032,1050
1032,1048
1032,1034
1033,1029
1033,1048
1033,1037
1033,1034
1034,1045
1034,1029
1034,1031
1034,1038
1034,1037
1034,1048
1034,1050
1034,1032
1036,1050
1036,1032
1038,1032
1038,1034
1040,1046
1040,1047
1040,1030
1042,60
1042,1034
1042,111
1042,1038
1042,271
1042,708
1042,1037
1042,1032
1042,113
1043,0
1044,638
1044,800
1044,635
1044,642
1044,1047
1044,1046
1044,1030
1044,1045
1045,1034
1045,1029
1045,1037
1045,1044
1045,1032
1045,1050
1045,1048
1046,1040
1046,1034
1046,642
1046,311
1046,363
1046,1048
1046,1044
1047,364
1047,363
1047,635
1047,1040
1047,880
1047,1044
1048,1029
1048,571
1048,1031
1048,549
1048,164
1048,868
1048,999
1048,1037
1048,1034
1048,1045
1048,1032
1048,1050
1050,57
1050,71
1050,1031
1050,1033
1050,1029
1050,1036
1050,831
1050,811
1050,193
1050,189
1050,571
1050,868
1050,1038
1050,875
1050,544
1050,997
1050,545
1050,543
1050,999
1050,310
1050,1037
1050,777
1050,1034
1050,1045
1050,1032
1050,547
1050,1048
1051,244
1051,1043
